name,country,greater-region,coordinates,spotIDs,telegram-link
Delaware,US,Delaware,"[{""point1"": ""38.83072187825255,-75.21775105625208"", ""point2"": ""38.444554426013106,-74.94997276401818""}]","[{""name"": ""The Cove -  Delaware"", ""ID"": 205}, {""name"": ""Tower Road"", ""ID"": 451}, {""name"": ""Dewey Beach"", ""ID"": 1151}, {""name"": ""Rehoboth - Main"", ""ID"": 1484}, {""name"": ""Indian River Inlet"", ""ID"": 3451}, {""name"": ""Fenwick Island"", ""ID"": 5220}, {""name"": ""Naval Jetty"", ""ID"": 6168}, {""name"": ""Bethany Hollywood St"", ""ID"": 7212}]",https://t.me/+LAYxZt5Cub5hZGYx
Cape May County,US,New Jersey,"[{""point1"": ""39.300341, -74.540275"", ""point2"": ""38.898525, -75.044842""}]","[{""name"": ""Second Street"", ""ID"": 147}, {""name"": ""Avalon - 15th Street"", ""ID"": 322}, {""name"": ""Diamond Beach"", ""ID"": 508}, {""name"": ""Chodes"", ""ID"": 1366}, {""name"": ""36th Street"", ""ID"": 2908}, {""name"": ""Waverly"", ""ID"": 4580}, {""name"": ""57th Street"", ""ID"": 4665}, {""name"": ""Strathmere, 7th street"", ""ID"": 4748}, {""name"": ""The Cove, Cape May"", ""ID"": 5122}, {""name"": ""Ocean City - 8th Street"", ""ID"": 5577}, {""name"": ""Poverty Beach"", ""ID"": 5894}, {""name"": ""North Wildwood"", ""ID"": 5910}, {""name"": ""North St."", ""ID"": 6375}, {""name"": ""St Phillip's"", ""ID"": 6454}, {""name"": ""Stone Harbor 110"", ""ID"": 6595}, {""name"": ""Wildwood 2nd Street"", ""ID"": 7096}, {""name"": ""Nuns beach"", ""ID"": 7160}, {""name"": ""Avalon - 30th Street"", ""ID"": 7190}, {""name"": ""Trestles"", ""ID"": 8071}, {""name"": ""Ocean City - 14th 15th St"", ""ID"": 8377}, {""name"": ""Ocean City - 7th Street"", ""ID"": 8841}]",https://t.me/+eQRx48_cJx8xNTQx
Atlantic County,US,New Jersey,"[{""point1"": ""39.484397, -74.287262"", ""point2"": ""39.301441, -74.565600""}]","[{""name"": ""38th St. Beach"", ""ID"": 287}, {""name"": ""Great Egg Harbor Inlet (Longport)"", ""ID"": 777}, {""name"": ""Margate Pier"", ""ID"": 952}, {""name"": ""Flukies"", ""ID"": 998}, {""name"": ""The Jetty"", ""ID"": 1253}, {""name"": ""Dutches Wedge"", ""ID"": 2436}, {""name"": ""Ventnor Pier"", ""ID"": 5261}, {""name"": ""Crystals"", ""ID"": 5902}, {""name"": ""TwentySevens"", ""ID"": 7605}, {""name"": ""Castles"", ""ID"": 7798}]",https://t.me/+WAIQnNe1BUQ3MDcx
Ocean County,US,New Jersey,"[{""point1"": ""40.101767, -74.029390"", ""point2"": ""39.491509, -74.369498""}]","[{""name"": ""L.B.I - 82st"", ""ID"": 105}, {""name"": ""Cape May Ave."", ""ID"": 234}, {""name"": ""Seacrest Drive"", ""ID"": 1237}, {""name"": ""Wooden Jetty"", ""ID"": 1741}, {""name"": ""Tices Sholls"", ""ID"": 2706}, {""name"": ""5th Street Beach Haven"", ""ID"": 3484}, {""name"": ""LBI - Long Beach Island"", ""ID"": 3788}, {""name"": ""Lavallette"", ""ID"": 4738}, {""name"": ""Middlesex "", ""ID"": 4934}, {""name"": ""Normandy Beach - 7th Street"", ""ID"": 5174}, {""name"": ""Brick Beach 2"", ""ID"": 6133}, {""name"": ""Seaside Park"", ""ID"": 6164}, {""name"": ""58th Street"", ""ID"": 6355}, {""name"": ""Bay Head"", ""ID"": 6388}, {""name"": ""Harvey Cedars - 7 E. Cape May Street"", ""ID"": 6883}, {""name"": ""Seaside Park, NJ"", ""ID"": 8346}]",https://t.me/+7_Q0uvoDd5E5ODI5
Monmouth County,US,New Jersey,"[{""point1"": ""40.504112, -74.056815"", ""point2"": ""40.099588, -73.930794""}]","[{""name"": ""Sands"", ""ID"": 258}, {""name"": ""The Box"", ""ID"": 790}, {""name"": ""Loch Arbor,Darlington,Deal"", ""ID"": 1292}, {""name"": ""Loch Arbor"", ""ID"": 1937}, {""name"": ""Manasquan Inlet"", ""ID"": 2582}, {""name"": ""Pavilion Ave, Long Branch"", ""ID"": 3500}, {""name"": ""Phillips Pump House"", ""ID"": 3746}, {""name"": ""Belmar - 16 th Street"", ""ID"": 5195}, {""name"": ""Allenhurst"", ""ID"": 5289}, {""name"": ""Sandy Hook The Cove"", ""ID"": 6445}, {""name"": ""Ocean Lane, Deal"", ""ID"": 6917}, {""name"": ""Bradley Beach"", ""ID"": 8387}, {""name"": ""Asbury Park"", ""ID"": 8916}]",https://t.me/+LgE7xBs90RpkZDRh
Ocean City,US,Maryland,"[{""point1"": ""38.4355190346571, -74.96719420792391"", ""point2"": ""37.53847936471056, -75.79837532681579""}]","[{""name"": ""Ocean City"", ""ID"": 916}, {""name"": ""48th Street (Ocean City)"", ""ID"": 938}, {""name"": ""Assateague"", ""ID"": 2400}, {""name"": ""Wedge"", ""ID"": 7328}, {""name"": ""Out Front"", ""ID"": 8883}]",https://t.me/+QB0rPBF4jXk0MjNh
Outer Banks,US,North Carolina,"[{""point1"": ""34.89133743396021, -75.07686497482119"", ""point2"": ""36.18754480482559, -76.3841723297272""}]","[{""name"": ""Hatteras Light House"", ""ID"": 811}, {""name"": ""Nags Head"", ""ID"": 1126}, {""name"": ""New New Inlet"", ""ID"": 2033}, {""name"": ""Rhodanthe Pier"", ""ID"": 3859}, {""name"": ""S-Turns"", ""ID"": 5144}, {""name"": ""Chicahauk"", ""ID"": 5877}, {""name"": ""Outer Banks Beach Club"", ""ID"": 5941}, {""name"": ""Frisco Pier"", ""ID"": 7459}, {""name"": ""Boiler"", ""ID"": 7706}, {""name"": ""Kitty Hawk Pier"", ""ID"": 8444}]",https://t.me/+ZHhjABLVY904NzUx
Virginia Beach,US,Virginia,"[{""point1"": ""37.430377954374926, -76.43792294918732"", ""point2"": ""36.55289257049342, -75.64694707058872""}]","[{""name"": ""Damneck Naval Base"", ""ID"": 609}, {""name"": ""42nd St. VA Beach"", ""ID"": 1480}, {""name"": ""Sandbridge"", ""ID"": 3594}, {""name"": ""1st Street Jetty"", ""ID"": 4119}, {""name"": ""Fishermans Island"", ""ID"": 5856}, {""name"": ""81st Street"", ""ID"": 8356}, {""name"": ""The North End"", ""ID"": 8629}, {""name"": ""Grandview"", ""ID"": 8724}, {""name"": ""Virginia Beach"", ""ID"": 9209}]",https://t.me/+q-bvjm8xIOVhZjRh
Morehead City Region,US,North Carolina,"[{""point1"": ""34.489353451588386, -77.41652516498336"", ""point2"": ""34.81921516253886, -76.36738354823106""}]","[{""name"": ""Emerald Isle"", ""ID"": 579}, {""name"": ""cape lookout"", ""ID"": 1470}, {""name"": ""Atlantic Beach"", ""ID"": 5940}, {""name"": ""Shackleford Banks"", ""ID"": 6157}, {""name"": ""Onslow Beach"", ""ID"": 6615}]",https://t.me/+om_7q83ulQ5hZTNh
Wilmington,US,North Carolina,"[{""point1"": ""34.49297553203268, -77.42922520626242"", ""point2"": ""33.74032898141291, -78.08287888371542""}]","[{""name"": ""Beauregard"", ""ID"": 108}, {""name"": ""Carolina Beach"", ""ID"": 1026}, {""name"": ""Surf City Pier"", ""ID"": 4086}, {""name"": ""Wrightsville beach"", ""ID"": 4221}, {""name"": ""Mason's Inlet"", ""ID"": 5097}, {""name"": ""Fort Fisher"", ""ID"": 5595}, {""name"": ""Shit Pipe"", ""ID"": 8774}, {""name"": ""Bald Head Island- Point"", ""ID"": 8959}]",https://t.me/+T-Ojtw7cdwgxYmJh
North Myrtle Beach,US,North Carolina,"[{""point1"": ""33.774581494353775, -78.67611134469772"", ""point2"": ""33.96842029232533, -78.21745519287143""}]","[{""name"": ""Holden Beach"", ""ID"": 1037}, {""name"": ""Cherry Grove Pier"", ""ID"": 1217}, {""name"": ""Sunset Beach"", ""ID"": 4272}, {""name"": ""Bird Island"", ""ID"": 6722}, {""name"": ""Ocean Isle"", ""ID"": 7366}]",https://t.me/+xw2xI3B0pc4zZTEx
Myrtle Beach Region,US,North Carolina,"[{""point1"": ""33.83300743880445, -78.71291188373336"", ""point2"": ""33.26073818900188, -79.2567078002699""}]","[{""name"": ""8th Ave n."", ""ID"": 2061}, {""name"": ""Myrtle Beach 67th"", ""ID"": 3856}, {""name"": ""Myrtle Beach 64th Ave."", ""ID"": 3893}, {""name"": ""Myrtle Beach  (42st - 46 st)"", ""ID"": 4241}, {""name"": ""Surfside Pier"", ""ID"": 4345}, {""name"": ""Ocean Lakes "", ""ID"": 5058}, {""name"": ""2nd Avenue Pier"", ""ID"": 5764}, {""name"": ""Myrtle Beach 38th to 41st"", ""ID"": 5906}, {""name"": ""Springmaid Pier"", ""ID"": 6467}, {""name"": ""apache pier"", ""ID"": 6593}, {""name"": ""48th st. Myrtle Beach"", ""ID"": 6643}, {""name"": ""Pelican poles"", ""ID"": 7180}, {""name"": ""13th ave south surfside"", ""ID"": 7544}, {""name"": ""North Litchfield"", ""ID"": 7762}, {""name"": ""Garden City Pier"", ""ID"": 8056}, {""name"": ""The Dunes Club, Myrtle Beach"", ""ID"": 9191}]",https://t.me/+A4hSt323UPVhNzIx
Charleston Region,US,North Carolina,"[{""point1"": ""32.398979702322606, -80.39265710573952"", ""point2"": ""32.97456887879569, -79.53302012656813""}]","[{""name"": ""Cliffs"", ""ID"": 2643}, {""name"": ""35th Street, IOP"", ""ID"": 3421}, {""name"": ""The Washout"", ""ID"": 3718}, {""name"": ""Edisto Beach"", ""ID"": 5767}, {""name"": ""Folly Beach Pier"", ""ID"": 6274}, {""name"": ""Berts Bar"", ""ID"": 7351}, {""name"": ""Isle of Palms Pier"", ""ID"": 8670}]",https://t.me/+nw6vAPwVeu1mNjlh
Georgia,US,Georgia,"[{""point1"": ""30.89468323825093, -81.61027185387309"", ""point2"": ""32.12166227887312, -80.66000222194562""}]","[{""name"": ""Tybee - South End Sand Bar"", ""ID"": 2213}, {""name"": ""Sea Island"", ""ID"": 4805}, {""name"": ""St. Simons Island, GA "", ""ID"": 6472}, {""name"": ""Tybee pier"", ""ID"": 8079}]",https://t.me/+oTXnxsb_-h41MTY5
Jacksonville Beaches,US,Florida,"[{""point1"": ""30.531747492297548, -81.51757161127387"", ""point2"": ""30.064815419093364, -81.25006798020523""}]","[{""name"": ""Crossroads"", ""ID"": 1471}, {""name"": ""7th Avenue"", ""ID"": 2097}, {""name"": ""The Mayport Poles"", ""ID"": 2835}, {""name"": ""Middle Access"", ""ID"": 3328}, {""name"": ""Little Talbot"", ""ID"": 5300}, {""name"": ""The Barge"", ""ID"": 7632}, {""name"": ""The Shoals"", ""ID"": 8783}, {""name"": ""Jax Beach Pier"", ""ID"": 9231}]",https://t.me/+JWqe4mj6lFY4YzVh
Saint Augustine Beaches,US,Florida,"[{""point1"": ""30.064815419093364, -81.4436922838205"", ""point2"": ""29.674570685748087, -81.17749477498305""}]","[{""name"": ""FA's"", ""ID"": 178}, {""name"": ""Peanuts"", ""ID"": 534}, {""name"": ""Matanzas Inlet"", ""ID"": 1862}, {""name"": ""Backyard OG (ocean gallery)"", ""ID"": 2316}, {""name"": ""D-Country"", ""ID"": 2495}, {""name"": ""St. Augustine beach pier"", ""ID"": 3358}, {""name"": ""St Augustine Pier"", ""ID"": 4631}, {""name"": ""St Augustine A-Street"", ""ID"": 5063}, {""name"": ""Lighthouse"", ""ID"": 5888}, {""name"": ""Dondanville Road"", ""ID"": 6353}, {""name"": ""Crescent Beach"", ""ID"": 6549}, {""name"": ""Vilano Beach"", ""ID"": 8260}, {""name"": ""Blowhole"", ""ID"": 8345}, {""name"": ""Beacon point"", ""ID"": 9027}, {""name"": ""South Ponte Vedra Beach"", ""ID"": 9132}]",https://t.me/+juTkvWADv4NhZDkx
Daytona Beaches,US,Florida,"[{""point1"": ""29.592804353897886, -81.2808243767478"", ""point2"": ""28.566190583068575, -80.4790131227872""}]","[{""name"": ""Granada"", ""ID"": 1200}, {""name"": ""Flagler"", ""ID"": 2462}, {""name"": ""Painter's Hill"", ""ID"": 2575}, {""name"": ""Mainstreet pier"", ""ID"": 2669}, {""name"": ""Playa Linda"", ""ID"": 2924}, {""name"": ""Carpet Muncher"", ""ID"": 4183}, {""name"": ""Daytona Beach"", ""ID"": 4608}, {""name"": ""Bethune"", ""ID"": 5434}, {""name"": ""Bicentenial Park"", ""ID"": 5535}, {""name"": ""New Smyrna Inlet"", ""ID"": 7152}, {""name"": ""Ponce Inlet"", ""ID"": 7846}, {""name"": ""Beach Club"", ""ID"": 8936}, {""name"": ""Playalinda Beach"", ""ID"": 9239}]",https://t.me/+T4ujycUBNopmZGFh
Space Coast,US,Florida,"[{""point1"": ""28.489936361901, -80.8195427858522"", ""point2"": ""27.751121516469166, -80.2592682051782""}]","[{""name"": ""Buccaneer"", ""ID"": 674}, {""name"": ""Duval Street"", ""ID"": 1173}, {""name"": ""R.C.'s"", ""ID"": 2584}, {""name"": ""Monster hole"", ""ID"": 2725}, {""name"": ""Spessard holland"", ""ID"": 2876}, {""name"": ""2nd Light"", ""ID"": 4005}, {""name"": ""Patricks Air Force Base"", ""ID"": 4636}, {""name"": ""Cocoa Beach Pier"", ""ID"": 5215}, {""name"": ""Perkins"", ""ID"": 5291}, {""name"": ""Boardwalk"", ""ID"": 5886}, {""name"": ""13th Street"", ""ID"": 6469}, {""name"": ""Lori Wilson Park"", ""ID"": 6607}, {""name"": ""Satellite Beach"", ""ID"": 6729}, {""name"": ""Spanish house"", ""ID"": 6791}, {""name"": ""Peg Leg's"", ""ID"": 8338}, {""name"": ""Long Point"", ""ID"": 8431}, {""name"": ""Canova Beach"", ""ID"": 8639}, {""name"": ""Hangers"", ""ID"": 8701}, {""name"": ""Ocean Avenue"", ""ID"": 8712}, {""name"": ""Hess"", ""ID"": 8802}, {""name"": ""Tables"", ""ID"": 8851}, {""name"": ""Sebastian Inlet"", ""ID"": 8958}]",https://t.me/+fhgGcFWVMEFhZjIx
Fernandina Beaches,US,Florida,"[{""point1"": ""30.81404392276522, -81.55266864299831"", ""point2"": ""30.57432180969945, -81.3631640054174""}]","[{""name"": ""Cumberland Island"", ""ID"": 3539}, {""name"": ""Corners"", ""ID"": 3805}, {""name"": ""St. Marys rivermouth"", ""ID"": 4041}, {""name"": ""Fernandina Pier"", ""ID"": 5100}, {""name"": ""Hooks"", ""ID"": 6753}]",https://t.me/+FxHbZK-VECc3ZGI5
Lower Long Island,US,New York,"[{""point1"": ""40.69771530668085, -73.0439258291523"", ""point2"": ""40.530919114334395, -73.89806992027786""}]","[{""name"": ""Jones Beach"", ""ID"": 262}, {""name"": ""Tobay beach"", ""ID"": 315}, {""name"": ""Coastguards"", ""ID"": 375}, {""name"": ""Fire Island Point of Woods"", ""ID"": 1273}, {""name"": ""Point o' Woods"", ""ID"": 1969}, {""name"": ""92nd Street"", ""ID"": 2530}, {""name"": ""Democrat Point (Robert Moses)"", ""ID"": 2583}, {""name"": ""Robert Moses (democrat point)"", ""ID"": 3549}, {""name"": ""Lincoln"", ""ID"": 5153}, {""name"": ""Robert Moses"", ""ID"": 5838}, {""name"": ""Gilgo"", ""ID"": 6605}, {""name"": ""Lido"", ""ID"": 7837}, {""name"": ""Grand Blvd"", ""ID"": 8416}, {""name"": ""Connecticut Street Jetty"", ""ID"": 8897}, {""name"": ""Lido West"", ""ID"": 8911}]",https://t.me/+2NFir8C3YU4yYTZh
Nantucket,US,Massachusetts,"[{""point1"": ""41.14101921391212, -70.40457585980568"", ""point2"": ""41.41142362913153, -69.93218748786485""}]","[{""name"": ""Cisco Beach (Nantucket Island)"", ""ID"": 834}, {""name"": ""Madaquecham (Nantucket Island)"", ""ID"": 5193}, {""name"": ""Madaket"", ""ID"": 7131}]",https://t.me/+uUnOt6A9MoRhYWQx
Rhode Island,US,Rhode Island,"[{""point1"": ""41.20138959680921, -71.95686601317395"", ""point2"": ""41.570251664197485, -70.98187838504025""}]","[{""name"": ""Ruggles"", ""ID"": 83}, {""name"": ""Fenway"", ""ID"": 763}, {""name"": ""Monahans Dock"", ""ID"": 2427}, {""name"": ""Tuckerman's"", ""ID"": 2838}, {""name"": ""Point Judith Lighthouse"", ""ID"": 3555}, {""name"": ""Panic Point"", ""ID"": 4040}, {""name"": ""Narragansett Town Beach"", ""ID"": 4116}, {""name"": ""1st beach"", ""ID"": 4523}, {""name"": ""Bailey's Beach"", ""ID"": 4762}, {""name"": ""Elbow Ledge"", ""ID"": 5201}, {""name"": ""Horseneck Beach"", ""ID"": 5724}, {""name"": ""Bonnet Shores Point"", ""ID"": 5872}, {""name"": ""east beach lighthouse"", ""ID"": 6298}, {""name"": ""Sakonnet River Break"", ""ID"": 6415}, {""name"": ""Dickeys"", ""ID"": 6644}, {""name"": ""Coast Guard House"", ""ID"": 6856}, {""name"": ""Matunuck"", ""ID"": 7334}, {""name"": ""Napatree Jetty"", ""ID"": 7827}, {""name"": ""Naragansett"", ""ID"": 7984}, {""name"": ""Point Judith"", ""ID"": 8290}, {""name"": ""North Bar"", ""ID"": 8333}, {""name"": ""Cutty wow Reef"", ""ID"": 8363}, {""name"": ""2nd Beach"", ""ID"": 8863}, {""name"": ""Misquamicut State Beach"", ""ID"": 8978}, {""name"": ""Baker's beach"", ""ID"": 9365}]",https://t.me/+d7NhAIwCSMgwODc5
Upper Long Island,US,New York,"[{""point1"": ""40.64146807388128, -72.98585539437249"", ""point2"": ""41.184028462521205, -71.49815349975218""}]","[{""name"": ""Ponquogue- the bowl"", ""ID"": 979}, {""name"": ""BP"", ""ID"": 985}, {""name"": ""Terrace"", ""ID"": 1184}, {""name"": ""Road K"", ""ID"": 3272}, {""name"": ""Georgica pond"", ""ID"": 3674}, {""name"": ""Cupsogue beach"", ""ID"": 3680}, {""name"": ""Montauk point - Turtles"", ""ID"": 4106}, {""name"": ""Ditch Plains"", ""ID"": 5287}, {""name"": ""Smith point"", ""ID"": 6531}, {""name"": ""Block Island"", ""ID"": 6703}, {""name"": ""Trailor Park"", ""ID"": 8171}, {""name"": ""Outside Ponquogue"", ""ID"": 8198}, {""name"": ""Jetty 4"", ""ID"": 8592}]",https://t.me/+DHnpxwidsJI0ZjIx
Cape Cod,US,Massachusetts,"[{""point1"": ""41.55052253461627, -69.81950512829862"", ""point2"": ""42.12145103556696, -70.24520395184996""}]","[{""name"": ""Coast Guard beach"", ""ID"": 2965}, {""name"": ""Marconi Beach"", ""ID"": 4421}, {""name"": ""Nauset Light Beach"", ""ID"": 4725}, {""name"": ""Whitecrest Beach"", ""ID"": 5049}, {""name"": ""Ballston Beach"", ""ID"": 7756}]",https://t.me/+Mvxd-KXQGQgyNDcx
Boston Region,US,Massachusetts,"[{""point1"": ""42.01542773937135, -70.46601822673097"", ""point2"": ""42.69333769921498, -70.96037815085509""}]","[{""name"": ""allerton point"", ""ID"": 2237}, {""name"": ""Egypt beach"", ""ID"": 2862}, {""name"": ""Nantasket Beach"", ""ID"": 3133}, {""name"": ""Peggoty"", ""ID"": 3167}, {""name"": ""Brace Cove"", ""ID"": 3303}, {""name"": ""Good Harbor Beach"", ""ID"": 3658}, {""name"": ""Rexhame"", ""ID"": 4511}, {""name"": ""Deveraux Beach"", ""ID"": 4793}, {""name"": ""Long Beach"", ""ID"": 5835}]",https://t.me/+QRjwpK7xsvM2MjVh
New Hampshire,US,New Hampshire,"[{""point1"": ""42.750239252560256, -70.6725864027376"", ""point2"": ""43.060058677854514, -70.908780588708""}]","[{""name"": ""Plaice Cove"", ""ID"": 1548}, {""name"": ""Seabrook Beach"", ""ID"": 1931}, {""name"": ""Fox Hill"", ""ID"": 2569}, {""name"": ""Plum Island"", ""ID"": 7141}, {""name"": ""Jenness Beach, NH"", ""ID"": 7755}, {""name"": ""The Wall"", ""ID"": 8386}]",https://t.me/+bBxR-Ng5KCc5ZDA5
Maine,US,Maine,"[{""point1"": ""43.157910300946064, -70.69430214417991"", ""point2"": ""43.88284919148849, -69.50783832628203""}]","[{""name"": ""Ogunquit Rivermouth"", ""ID"": 533}, {""name"": ""Kennebunk beach"", ""ID"": 953}, {""name"": ""Wells Beach"", ""ID"": 3926}, {""name"": ""TWO LIGHTS"", ""ID"": 4773}, {""name"": ""Trayhan's"", ""ID"": 6900}, {""name"": ""Ogunquit Beach"", ""ID"": 6942}, {""name"": ""Higgins Beach"", ""ID"": 8181}, {""name"": ""Popham - Read"", ""ID"": 9373}]",https://t.me/+BL1GOrZmSkxjYjEx
South Florida,US,Florida,"[{""point1"": ""26.489257210060465, -80.18292542956097"", ""point2"": ""25.690048032075477, -79.97968857186551""}]","[{""name"": ""Delray public beach"", ""ID"": 657}, {""name"": ""Dania  Beach"", ""ID"": 1738}, {""name"": ""Spoils"", ""ID"": 2440}, {""name"": ""Spanish River"", ""ID"": 3154}, {""name"": ""Boca Inlet"", ""ID"": 3562}, {""name"": ""Jap Rock"", ""ID"": 3618}, {""name"": ""Fort Lauderdale - 14th Street"", ""ID"": 3634}, {""name"": ""Haulover Inlet North Side"", ""ID"": 4396}, {""name"": ""Deerfield Beach Pier"", ""ID"": 4720}, {""name"": ""Commercial Pier"", ""ID"": 5064}, {""name"": ""Dunes Motel"", ""ID"": 5210}, {""name"": ""south point boardwalk"", ""ID"": 6214}, {""name"": ""South Beach"", ""ID"": 6412}, {""name"": ""Harbor House"", ""ID"": 7302}]",https://t.me/+vNfFDS3EHcJiMDFh
West Palm Beach Region,US,Florida,"[{""point1"": ""27.529219582707853, -80.40371991505613"", ""point2"": ""26.522438593851135, -79.98637910695756""}]","[{""name"": ""Stumps"", ""ID"": 541}, {""name"": ""Walton Rocks"", ""ID"": 1121}, {""name"": ""Lake Worth Pier"", ""ID"": 1512}, {""name"": ""Reef Road"", ""ID"": 2398}, {""name"": ""Stuart Rocks"", ""ID"": 2726}, {""name"": ""Pump House"", ""ID"": 6079}, {""name"": ""Boynton - tortuga beach"", ""ID"": 6477}, {""name"": ""Juno Pier"", ""ID"": 6913}, {""name"": ""Jupiter Inlet North South Side"", ""ID"": 7078}, {""name"": ""Fort Pierce North Jetty"", ""ID"": 8946}]",https://t.me/+odOSc3Gz5NYwMzMx
Bay Side Florida,US,Florida,"[{""point1"": ""28.399131852607947, -83.33228309349495"", ""point2"": ""25.492867628161438, -81.22301408389872""}]","[{""name"": ""Holmes beach pier"", ""ID"": 394}, {""name"": ""Venice North Jetty"", ""ID"": 1702}, {""name"": ""Indian Rocks Beach"", ""ID"": 2059}, {""name"": ""Sand Key Park"", ""ID"": 3408}, {""name"": ""Anna Maria Island - Beach Streets"", ""ID"": 4113}, {""name"": ""point o' rocks"", ""ID"": 4133}, {""name"": ""Clearwater Pass"", ""ID"": 4497}, {""name"": ""Lido Beach"", ""ID"": 4595}, {""name"": ""Anclote Island"", ""ID"": 4684}, {""name"": ""Clearwater"", ""ID"": 5227}, {""name"": ""Wiggins Pass"", ""ID"": 5374}, {""name"": ""Bradenton- twin piers"", ""ID"": 5459}, {""name"": ""Naples Pier"", ""ID"": 6005}, {""name"": ""Redington Breakwater"", ""ID"": 6165}, {""name"": ""Honeymoon island"", ""ID"": 6170}, {""name"": ""Bellair Beach"", ""ID"": 6824}, {""name"": ""Anna Maria Island"", ""ID"": 6882}, {""name"": ""Sunset Beach"", ""ID"": 7188}, {""name"": ""Upham Beach"", ""ID"": 8355}, {""name"": ""Clearwater beach - The Waffle House"", ""ID"": 9312}]",https://t.me/+u5R5WAACLT9iZjlh
Pan Handle,US,Florida,"[{""point1"": ""28.34693271491737, -91.05634910019573"", ""point2"": ""30.94369363444362, -84.33305413210768""}]","[{""name"": ""Calle Hermosa"", ""ID"": 608}, {""name"": ""The Cross (Pensacola Beach)"", ""ID"": 660}, {""name"": ""St. Andrews State Park"", ""ID"": 1144}, {""name"": ""17th Ave"", ""ID"": 1528}, {""name"": ""The Pass(Amazons)"", ""ID"": 1686}, {""name"": ""Fort Walton Pier"", ""ID"": 2048}, {""name"": ""Fourchon"", ""ID"": 2198}, {""name"": ""St. George Island"", ""ID"": 2494}, {""name"": ""Port st.joe cape"", ""ID"": 2843}, {""name"": ""Okaloosa Pier"", ""ID"": 3057}, {""name"": ""Dauphin Island Pier"", ""ID"": 4184}, {""name"": ""Destin"", ""ID"": 4269}, {""name"": ""Grand Isle"", ""ID"": 4843}, {""name"": ""Spuds"", ""ID"": 4935}, {""name"": ""Terry's Cove"", ""ID"": 5470}, {""name"": ""Sand Island"", ""ID"": 5817}, {""name"": ""Chandeleur Islands"", ""ID"": 6017}, {""name"": ""Pensacola beach"", ""ID"": 6307}, {""name"": ""West Pass"", ""ID"": 7146}, {""name"": ""Navarre Beach Pier"", ""ID"": 8268}, {""name"": ""The Back Porch"", ""ID"": 8337}, {""name"": ""Pensacola Beach Pier"", ""ID"": 8696}, {""name"": ""Alabama Point"", ""ID"": 9229}]",https://t.me/+IMkwnc7TvaAyYTQx
Texas Gulf,US,Texas,"[{""point1"": ""24.926295298475015, -98.30732081288076"", ""point2"": ""30.372875694323955, -92.85837587142379""}]","[{""name"": ""Holly Beach"", ""ID"": 124}, {""name"": ""Refish Island"", ""ID"": 989}, {""name"": ""Galveston"", ""ID"": 1256}, {""name"": ""Surfside"", ""ID"": 1884}, {""name"": ""Corpus Christi"", ""ID"": 2222}, {""name"": ""Matagorda"", ""ID"": 2501}, {""name"": ""Packery Channel"", ""ID"": 2585}, {""name"": ""Jamaica Beach"", ""ID"": 4293}, {""name"": ""Surfside beach - Octagone"", ""ID"": 6261}, {""name"": ""Fish Pass Jetties"", ""ID"": 6294}, {""name"": ""Bob Hall Pier"", ""ID"": 6708}, {""name"": ""Horace Caldwell Pier"", ""ID"": 6955}, {""name"": ""Port Aransas"", ""ID"": 7149}, {""name"": ""St. Joe's Island"", ""ID"": 7261}, {""name"": ""South Padre Island"", ""ID"": 7272}, {""name"": ""Galveston - Flagship"", ""ID"": 7345}, {""name"": ""Galveston - Stewart Beach"", ""ID"": 7874}, {""name"": ""Bolivar"", ""ID"": 8262}, {""name"": ""Quintanas"", ""ID"": 8855}, {""name"": ""playa bagdad"", ""ID"": 9197}, {""name"": ""Mansfield Jetty"", ""ID"": 9411}]",https://t.me/+CX13YGoCqxQ3NDMx
Southern San Diego,US,CA,"[{""point1"": ""32.54588706367171, -117.08878025496408"", ""point2"": ""32.79183471108986, -117.31341935627523""}]","[{""name"": ""Imperial Beach"", ""ID"": 63}, {""name"": ""Coronado"", ""ID"": 166}, {""name"": ""Point Loma (Ralph's)"", ""ID"": 528}, {""name"": ""Pianos"", ""ID"": 913}, {""name"": ""Garbage"", ""ID"": 1134}, {""name"": ""Little Waimea"", ""ID"": 1316}, {""name"": ""Avalanche"", ""ID"": 1913}, {""name"": ""Sunset Cliffs - Osprey"", ""ID"": 1918}, {""name"": ""Santa Clara Court"", ""ID"": 2174}, {""name"": ""Coronado Silver Strand State Beach"", ""ID"": 2178}, {""name"": ""El Carmel Point"", ""ID"": 2348}, {""name"": ""South Mission beach"", ""ID"": 2870}, {""name"": ""Sloughs"", ""ID"": 3148}, {""name"": ""Donuts"", ""ID"": 4545}, {""name"": ""O.B. Jetty"", ""ID"": 6091}, {""name"": ""Bird Shit"", ""ID"": 6509}, {""name"": ""OB pier"", ""ID"": 7162}, {""name"": ""Pescedero (Pesky)"", ""ID"": 7316}, {""name"": ""No Surf"", ""ID"": 7705}, {""name"": ""Mission Beach"", ""ID"": 7746}, {""name"": ""Ab"", ""ID"": 8146}, {""name"": ""O.B."", ""ID"": 8351}]",
Northern San Diego,US,CA,"[{""point1"": ""32.791257493739316, -117.22134486796952"", ""point2"": ""32.899421856524, -117.31541057575424""}]","[{""name"": ""Scripps"", ""ID"": 248}, {""name"": ""Horseshoe"", ""ID"": 296}, {""name"": ""Windansea"", ""ID"": 636}, {""name"": ""Hennemans"", ""ID"": 882}, {""name"": ""Big Rock"", ""ID"": 1051}, {""name"": ""Marine Street (shorebreak)"", ""ID"": 1535}, {""name"": ""PB Pier"", ""ID"": 1767}, {""name"": ""Little Point"", ""ID"": 1798}, {""name"": ""Law Street"", ""ID"": 1863}, {""name"": ""North Scripps"", ""ID"": 2762}, {""name"": ""Hogans"", ""ID"": 2841}, {""name"": ""Diamond Street"", ""ID"": 3180}, {""name"": ""Tourmaline"", ""ID"": 4962}, {""name"": ""Birdrock"", ""ID"": 5062}, {""name"": ""La Jolla Shores"", ""ID"": 5245}, {""name"": ""La Jolla Cove"", ""ID"": 6319}, {""name"": ""Emery's Left"", ""ID"": 6562}, {""name"": ""Blacks Beach"", ""ID"": 8330}]",
San Clemente,US,CA,"[{""point1"": ""33.31446314195091, -117.47797136228988"", ""point2"": ""33.440609485232464, -117.72789776837485""}]","[{""name"": ""T Street"", ""ID"": 115}, {""name"": ""Upper Trestles"", ""ID"": 130}, {""name"": ""Birdhits"", ""ID"": 1170}, {""name"": ""Church (Trestles)"", ""ID"": 2353}, {""name"": ""Trails - San Onofre State Beach"", ""ID"": 2573}, {""name"": ""San Clemente Pier"", ""ID"": 2656}, {""name"": ""Cottons"", ""ID"": 3219}, {""name"": ""State park"", ""ID"": 3416}, {""name"": ""San Onofre"", ""ID"": 3988}, {""name"": ""Riviera"", ""ID"": 5171}, {""name"": ""Linda Lane Beach"", ""ID"": 6036}, {""name"": ""Trestles"", ""ID"": 9443}]",
Dana Point,US,CA,"[{""point1"": ""33.4480578171802, -117.68331277046006"", ""point2"": ""33.514778156395266, -117.78149814427917""}]","[{""name"": ""Salt Creek Heroins"", ""ID"": 1260}, {""name"": ""Salt Creek Point"", ""ID"": 2374}, {""name"": ""Dana Point"", ""ID"": 3369}, {""name"": ""Salt Creek- Middles"", ""ID"": 3689}, {""name"": ""Salt Creek : Gravels"", ""ID"": 6365}, {""name"": ""Thousand steps"", ""ID"": 7084}, {""name"": ""Three Arch Bay"", ""ID"": 8238}]",
Newport Beach,US,CA,"[{""point1"": ""33.58562290773518, -117.86823110021908"", ""point2"": ""33.6393757436595, -117.97534241711264""}]","[{""name"": ""Middles"", ""ID"": 928}, {""name"": ""Cylinders"", ""ID"": 3121}, {""name"": ""Newport - 15th Street"", ""ID"": 3346}, {""name"": ""Newport Beach River Jetties"", ""ID"": 4606}, {""name"": ""36th street"", ""ID"": 6194}, {""name"": ""40th Street"", ""ID"": 6757}, {""name"": ""Newport beach"", ""ID"": 7122}, {""name"": ""Blackies"", ""ID"": 8763}, {""name"": ""56th St."", ""ID"": 8865}, {""name"": ""The Wedge"", ""ID"": 9442}]",
Laguna Beach,US,CA,"[{""point1"": ""33.52113252206044, -117.75565365133069"", ""point2"": ""33.572065042619506, -117.85998785893793""}]","[{""name"": ""Thaila Street"", ""ID"": 1304}, {""name"": ""Crescent bay"", ""ID"": 4202}, {""name"": ""Scotchmans Cove"", ""ID"": 8750}, {""name"": ""Brooks Street"", ""ID"": 9141}]",
Encinitas Region,US,CA,"[{""point1"": ""33.01187358842105, -117.27827317686256"", ""point2"": ""33.08650777711274, -117.32634541215829""}]","[{""name"": ""Encinitas - D Street"", ""ID"": 1434}, {""name"": ""D Street"", ""ID"": 1584}, {""name"": ""Suckouts"", ""ID"": 1638}, {""name"": ""Turtles"", ""ID"": 4197}, {""name"": ""Cardiff reef"", ""ID"": 5783}, {""name"": ""Beacons"", ""ID"": 6420}, {""name"": ""Swamis"", ""ID"": 7247}, {""name"": ""Leucadia"", ""ID"": 7401}, {""name"": ""Grandview"", ""ID"": 7419}, {""name"": ""Boneyards"", ""ID"": 8110}, {""name"": ""Tippers"", ""ID"": 8341}, {""name"": ""Pipes - San elijo state beach"", ""ID"": 9438}]",
Oceanside Carlsbad Region,US,CA,"[{""point1"": ""33.08918290126594, -117.30931674612548"", ""point2"": ""33.228033482754284, -117.42233500399674""}]","[{""name"": ""Dutches A-Frame"", ""ID"": 438}, {""name"": ""South Carlsbad State Beach"", ""ID"": 1605}, {""name"": ""Camp Pendelton"", ""ID"": 2082}, {""name"": ""Tamarack st."", ""ID"": 2337}, {""name"": ""Terra Mar Cove + Point"", ""ID"": 2775}, {""name"": ""Ponto"", ""ID"": 5430}, {""name"": ""Cassidy"", ""ID"": 6389}, {""name"": ""Oceanside Pier"", ""ID"": 7447}, {""name"": ""Del Mar Jetties"", ""ID"": 7722}, {""name"": ""Warm Water Jetties"", ""ID"": 8999}]",
Del Mar and Solana Region,US,CA,"[{""point1"": ""32.92227810077406, -117.2502316101722"", ""point2"": ""33.00929686740774, -117.2897804082929""}]","[{""name"": ""Del Mar"", ""ID"": 1314}, {""name"": ""Fletchers Cove"", ""ID"": 4683}, {""name"": ""Tabletops  Playgrounds"", ""ID"": 4714}, {""name"": ""North Torrey Pines"", ""ID"": 5816}, {""name"": ""Cherry Hill"", ""ID"": 6569}, {""name"": ""15th St."", ""ID"": 6853}, {""name"": ""Torrey Pines State Beach"", ""ID"": 8155}, {""name"": ""Seaside Reef"", ""ID"": 8273}]",
Huntington and Long Beach,US,CA,"[{""point1"": ""33.642977115057214, -117.98784104696118"", ""point2"": ""33.758998149138364, -118.16663455913884""}]","[{""name"": ""Seal Beach Pier Northside"", ""ID"": 268}, {""name"": ""Sunset Beach usa north OC"", ""ID"": 3021}, {""name"": ""Bolsa Chica"", ""ID"": 3078}, {""name"": ""Ray Bay"", ""ID"": 3527}, {""name"": ""Seal Beach"", ""ID"": 3530}, {""name"": ""17th Street"", ""ID"": 4732}, {""name"": ""Huntington Beach"", ""ID"": 5324}, {""name"": ""Anderson Street"", ""ID"": 6404}, {""name"": ""Long Beach"", ""ID"": 7290}]",
Redondo Region,US,CA,"[{""point1"": ""33.75608671759965, -118.45276822076133"", ""point2"": ""33.86933232359293, -118.3806740651599""}]","[{""name"": ""Exiles"", ""ID"": 2358}, {""name"": ""Torrance Beach The Avenues"", ""ID"": 3177}, {""name"": ""Indicator"", ""ID"": 4198}, {""name"": ""Haggarty's"", ""ID"": 4776}, {""name"": ""Wallys"", ""ID"": 5381}, {""name"": ""Lunada Bay"", ""ID"": 5458}, {""name"": ""Pipes & Turbos"", ""ID"": 5518}, {""name"": ""Palos Verde - Bluff Cove"", ""ID"": 5747}, {""name"": ""Hermosa Beach Pier"", ""ID"": 5911}, {""name"": ""Burnout"", ""ID"": 6172}, {""name"": ""Redondo Beach"", ""ID"": 8097}, {""name"": ""Rat Beach"", ""ID"": 9007}]",
Manhattan and El Segundo,US,CA,"[{""point1"": ""33.87568900996514, -118.4069578290609"", ""point2"": ""33.96050420338676, -118.4617150567677""}]","[{""name"": ""El Porto"", ""ID"": 1598}, {""name"": ""Gillis"", ""ID"": 2043}, {""name"": ""Hammerland"", ""ID"": 5322}, {""name"": ""El Segundo Beach Jetty"", ""ID"": 5433}, {""name"": ""Pipe"", ""ID"": 5810}, {""name"": ""Manhattan Beach Pier"", ""ID"": 7423}, {""name"": ""Dockweiler Beach"", ""ID"": 7568}, {""name"": ""Manhattan 26th street"", ""ID"": 9390}]",
Venice Region,US,CA,"[{""point1"": ""33.97069800985228, -118.46308884828969"", ""point2"": ""34.01342458415825, -118.51369208779332""}]","[{""name"": ""Santa Monica - Samo 20"", ""ID"": 345}, {""name"": ""Venice - Rose Avenue"", ""ID"": 3687}, {""name"": ""Ocean Park, Santa Monica"", ""ID"": 3920}, {""name"": ""Venice Pier"", ""ID"": 4584}, {""name"": ""Venice Breakwater"", ""ID"": 4639}, {""name"": ""Bay Street, Santa Monica"", ""ID"": 7115}]",
San Pedro Region,US,CA,"[{""point1"": ""33.69498034556023, -118.25948736065726"", ""point2"": ""33.7512340720483, -118.42015433599758""}]","[{""name"": ""Bee Hives"", ""ID"": 233}, {""name"": ""T C's"", ""ID"": 465}, {""name"": ""Abalone Cove"", ""ID"": 556}, {""name"": ""Cabrillo Point"", ""ID"": 957}, {""name"": ""cabrillo beach"", ""ID"": 3160}, {""name"": ""TCs"", ""ID"": 6623}, {""name"": ""Pickles"", ""ID"": 6812}, {""name"": ""Japs Cove"", ""ID"": 7492}]",
Malibu Region,US,CA,"[{""point1"": ""34.02016890695229, -118.83603936426604"", ""point2"": ""34.12414021124977, -119.13253472521376""}]","[{""name"": ""Deadman's"", ""ID"": 1448}, {""name"": ""Murphy's"", ""ID"": 1664}, {""name"": ""Heavens"", ""ID"": 1704}, {""name"": ""Marshalls"", ""ID"": 2315}, {""name"": ""County Line"", ""ID"": 3354}, {""name"": ""Zeroes"", ""ID"": 3616}, {""name"": ""Zuma Beach"", ""ID"": 4570}, {""name"": ""Point Mugu"", ""ID"": 6019}, {""name"": ""Staircases"", ""ID"": 6101}, {""name"": ""Super Tubes"", ""ID"": 6209}, {""name"": ""Leo Carillo"", ""ID"": 6667}, {""name"": ""Deer Creek"", ""ID"": 8370}]",
Oxnard,US,CA,"[{""point1"": ""34.11271418642227, -119.1505261050998"", ""point2"": ""34.213278531085834, -119.27082035120796""}]","[{""name"": ""Silverstrand"", ""ID"": 1054}, {""name"": ""Arnold"", ""ID"": 5840}, {""name"": ""Oxnard Shores"", ""ID"": 6734}, {""name"": ""Hollywood Beach"", ""ID"": 9258}]",
East Malibu Region,US,CA,"[{""point1"": ""33.98834912987373, -118.83304279360487"", ""point2"": ""34.062330154520346, -118.50880979315187""}]","[{""name"": ""The Hut - Paradise Cove"", ""ID"": 36}, {""name"": ""Malibu"", ""ID"": 652}, {""name"": ""Latigo Point"", ""ID"": 695}, {""name"": ""Topanga Point"", ""ID"": 970}, {""name"": ""Point Dume - Little Dume"", ""ID"": 3471}, {""name"": ""Will Rogers"", ""ID"": 5821}, {""name"": ""Westward Beach"", ""ID"": 6524}, {""name"": ""Sunset"", ""ID"": 9349}]",
Ventura Region,US,CA,"[{""point1"": ""34.32954480922006, -119.4058363184499"", ""point2"": ""34.248986920577984, -119.27641014387018""}]","[{""name"": ""Emma Wood"", ""ID"": 245}, {""name"": ""Ventura Point"", ""ID"": 709}, {""name"": ""Mondos"", ""ID"": 1384}, {""name"": ""Pitas Point"", ""ID"": 2152}, {""name"": ""Faria"", ""ID"": 2401}]",
Rincon Region,US,CA,"[{""point1"": ""34.332493365790235, -119.40432581824007"", ""point2"": ""34.426565390482985, -119.58992103619116""}]","[{""name"": ""Serena's"", ""ID"": 1010}, {""name"": ""Rincon"", ""ID"": 1805}, {""name"": ""Hobson's"", ""ID"": 2071}, {""name"": ""Little Rincon"", ""ID"": 2470}, {""name"": ""Carpinteria Beach"", ""ID"": 3761}, {""name"": ""Jelly Bowl"", ""ID"": 5929}, {""name"": ""Santa Clause"", ""ID"": 8010}, {""name"": ""Rincon"", ""ID"": 9174}]",
Santa Barbara,US,CA,"[{""point1"": ""34.38764600734706, -119.59637805023526"", ""point2"": ""34.43064324221109, -119.81465169524228""}]","[{""name"": ""Sandspit"", ""ID"": 31}, {""name"": ""Shelves"", ""ID"": 3094}, {""name"": ""Leadbetter"", ""ID"": 4071}, {""name"": ""Hendry's beach - arroyo burro"", ""ID"": 5136}, {""name"": ""Hammonds Reef"", ""ID"": 5228}, {""name"": ""Fernald Point"", ""ID"": 7210}, {""name"": ""Mesa Lane"", ""ID"": 8175}, {""name"": ""More Mesa"", ""ID"": 8479}]",
Goleta Region,US,CA,"[{""point1"": ""34.39608857535114, -119.81801609545647"", ""point2"": ""34.52760324447252, -120.1893655216136""}]","[{""name"": ""Seals"", ""ID"": 376}, {""name"": ""Depressions"", ""ID"": 2068}, {""name"": ""Rockpile"", ""ID"": 2665}, {""name"": ""Devereux"", ""ID"": 4078}, {""name"": ""ED's"", ""ID"": 4122}, {""name"": ""Sands"", ""ID"": 4977}, {""name"": ""Goleta Rock"", ""ID"": 5397}, {""name"": ""Driftwoods"", ""ID"": 5587}, {""name"": ""Tajuigas Ranch"", ""ID"": 6011}, {""name"": ""Refugio"", ""ID"": 6573}, {""name"": ""Campus Point"", ""ID"": 8847}, {""name"": ""El Capitan"", ""ID"": 9123}]",
Vandenburg,US,CA,"[{""point1"": ""34.39127228876738, -120.38435235159413"", ""point2"": ""35.01042727014349, -120.70747156219122""}]","[{""name"": ""Tarantulas"", ""ID"": 2631}, {""name"": ""Main Street"", ""ID"": 3823}, {""name"": ""Boat House"", ""ID"": 3868}, {""name"": ""Whitey's"", ""ID"": 4911}, {""name"": ""Del Morida"", ""ID"": 5503}, {""name"": ""Jalama"", ""ID"": 5927}, {""name"": ""Silos"", ""ID"": 6501}, {""name"": ""Purisima Point Peak"", ""ID"": 6876}, {""name"": ""Surf beach"", ""ID"": 7133}]",
Pismo Beach Region,US,CA,"[{""point1"": ""35.07423427481082, -120.61553401045009"", ""point2"": ""35.18795107180846, -120.78726076451964""}]","[{""name"": ""Pismo Beach"", ""ID"": 808}, {""name"": ""Sand Spit - Port San Luis"", ""ID"": 1336}, {""name"": ""Hippo Rock"", ""ID"": 1483}, {""name"": ""Oceano"", ""ID"": 2320}, {""name"": ""Sewers"", ""ID"": 8532}]",
Morro Bay Region,US,CA,"[{""point1"": ""35.259188666136815, -120.84227608096757"", ""point2"": ""35.471407443308024, -120.94526773182675""}]","[{""name"": ""Cayucos"", ""ID"": 1243}, {""name"": ""Hazard Canyon"", ""ID"": 2464}, {""name"": ""Widdows"", ""ID"": 4742}, {""name"": ""The Pit"", ""ID"": 5035}, {""name"": ""Mouse Rock"", ""ID"": 6203}, {""name"": ""Left Spot"", ""ID"": 6482}, {""name"": ""A-Beach"", ""ID"": 9081}, {""name"": ""Sand Spit"", ""ID"": 9423}]",
State Park,US,CA,"[{""point1"": ""35.520490886459555, -121.04661543708067"", ""point2"": ""36.490206986221935, -122.02167665138654""}]","[{""name"": ""Boners"", ""ID"": 491}, {""name"": ""Andrew molera state beach"", ""ID"": 3149}, {""name"": ""Ponytails"", ""ID"": 3273}, {""name"": ""Garrapata"", ""ID"": 4495}, {""name"": ""San Simeon Point"", ""ID"": 6777}, {""name"": ""Fullers"", ""ID"": 6930}, {""name"": ""Sand Dollar Beach"", ""ID"": 7975}, {""name"": ""Moonstone"", ""ID"": 8659}]",
Monterey,US,CA,"[{""point1"": ""36.508753127951984, -122.01895332123571"", ""point2"": ""36.86555860986715, -121.73057669882998""}]","[{""name"": ""Lover's Point"", ""ID"": 1246}, {""name"": ""Carmel"", ""ID"": 2836}, {""name"": ""Ghost tree"", ""ID"": 3383}, {""name"": ""Asilomar"", ""ID"": 3544}, {""name"": ""The Wharf"", ""ID"": 3998}, {""name"": ""Del Monte Beach"", ""ID"": 4336}, {""name"": ""Seaside"", ""ID"": 8004}, {""name"": ""Marina"", ""ID"": 8335}, {""name"": ""Moss Landing"", ""ID"": 8548}]",
Santa Cruz,US,CA,"[{""point1"": ""36.919430607698104, -121.84451314502526"", ""point2"": ""36.99306545610833, -122.13755873484214""}]","[{""name"": ""Santa Maria's"", ""ID"": 39}, {""name"": ""Murph Bar"", ""ID"": 206}, {""name"": ""26th Ave."", ""ID"": 346}, {""name"": ""4 Mile"", ""ID"": 603}, {""name"": ""Santa Cruz - 41st privates"", ""ID"": 1266}, {""name"": ""Cowells cove"", ""ID"": 4508}, {""name"": ""Blacks"", ""ID"": 4842}, {""name"": ""3 Mile"", ""ID"": 5054}, {""name"": ""Manresa"", ""ID"": 5350}, {""name"": ""The Wedge"", ""ID"": 5496}, {""name"": ""Mitchell's Cove"", ""ID"": 6065}, {""name"": ""Seacliff Beach"", ""ID"": 6517}, {""name"": ""Steamer Lane"", ""ID"": 6784}, {""name"": ""Santa Cruz - Sunny Cove"", ""ID"": 7616}, {""name"": ""Pleasure Point"", ""ID"": 7845}, {""name"": ""Natural Bridges"", ""ID"": 8055}, {""name"": ""Capitola jetty"", ""ID"": 8567}, {""name"": ""The Hook"", ""ID"": 8878}, {""name"": ""Santa Cruz - RockView St"", ""ID"": 9178}]",
Davenport Region,US,CA,"[{""point1"": ""36.975513687523694, -122.14579868794844"", ""point2"": ""37.158456006782856, -122.36777777413661""}]","[{""name"": ""Ano Nuevo"", ""ID"": 566}, {""name"": ""Scott's Creek"", ""ID"": 615}, {""name"": ""Laguna Creek"", ""ID"": 1296}, {""name"": ""Shaks"", ""ID"": 1881}, {""name"": ""Waddell Creek"", ""ID"": 3058}, {""name"": ""Davenport"", ""ID"": 5511}, {""name"": ""Greyhound Rock"", ""ID"": 7890}]",
Half Moon Bay,US,CA,"[{""point1"": ""37.33675300166603, -122.37170464757156"", ""point2"": ""37.52541101424868, -122.53814265683351""}]","[{""name"": ""Princeton Breakwater"", ""ID"": 1275}, {""name"": ""Mavericks"", ""ID"": 3285}, {""name"": ""Tunitas Creek"", ""ID"": 3392}, {""name"": ""Francis Beach"", ""ID"": 9463}]",
Pacifica,US,CA,"[{""point1"": ""37.536737126027624, -122.54129718646344"", ""point2"": ""37.65968902749375, -122.47332269689636""}]","[{""name"": ""Pedro Point"", ""ID"": 1648}, {""name"": ""Linda Mar"", ""ID"": 3525}, {""name"": ""Rockaway Beach"", ""ID"": 3751}, {""name"": ""Sharp Park"", ""ID"": 4284}, {""name"": ""Montara"", ""ID"": 8606}, {""name"": ""Linda Mar"", ""ID"": 8737}, {""name"": ""Gray Whale Cove"", ""ID"": 8912}]",
Ocean Beach / SF,US,CA,"[{""point1"": ""37.71793847764276, -122.40952833519532"", ""point2"": ""37.863145101052794, -122.60803728914502""}]","[{""name"": ""Fort Cronkite (Rodeo Beach)"", ""ID"": 2096}, {""name"": ""Ocean Beach"", ""ID"": 2403}, {""name"": ""Fort Point"", ""ID"": 2837}]",
North of SF,US,CA,"[{""point1"": ""37.88070679347662, -122.6357763695857"", ""point2"": ""38.586175945813686, -123.3696915307518""}]","[{""name"": ""North beach, pt reyes"", ""ID"": 192}, {""name"": ""Russian Rivermouth"", ""ID"": 2123}, {""name"": ""Salmon Creek"", ""ID"": 3208}, {""name"": ""Doran Beach"", ""ID"": 3591}, {""name"": ""Bolinas"", ""ID"": 4432}, {""name"": ""RCA"", ""ID"": 4838}, {""name"": ""Double point"", ""ID"": 5896}, {""name"": ""Drakes Bay"", ""ID"": 6980}, {""name"": ""Dillon Beach"", ""ID"": 8031}, {""name"": ""Stinson Beach"", ""ID"": 8257}, {""name"": ""Bill's Bowls"", ""ID"": 9333}]",
Fort Bragg Region,US,CA,"[{""point1"": ""38.87200405823424, -123.63697517905389"", ""point2"": ""39.524170381105904, -123.9121767553402""}]","[{""name"": ""Caspar"", ""ID"": 239}, {""name"": ""Jug Handle State Beach"", ""ID"": 387}, {""name"": ""Hare Creek"", ""ID"": 4650}, {""name"": ""Big River"", ""ID"": 6647}, {""name"": ""Manchester Beach"", ""ID"": 8349}, {""name"": ""Point Arena Cove"", ""ID"": 8367}]",
Shelter Cove,US,CA,"[{""point1"": ""39.6035719733622, -123.71005296165254"", ""point2"": ""40.10958800662886, -124.17639920703186""}]","[{""name"": ""Deadman's"", ""ID"": 330}, {""name"": ""Gale Point"", ""ID"": 1722}, {""name"": ""Usal Beach"", ""ID"": 2929}, {""name"": ""No Pass"", ""ID"": 3054}, {""name"": ""McKee's Creek"", ""ID"": 5635}, {""name"": ""Third Reef"", ""ID"": 5683}]",
Eureka Region,US,CA,"[{""point1"": ""40.284554306965845, -124.5461662006981"", ""point2"": ""41.11722803227606, -124.04345250975838""}]","[{""name"": ""Trinidad State Beach"", ""ID"": 540}, {""name"": ""South Jetty - Table Bluff"", ""ID"": 1841}, {""name"": ""Moonstone"", ""ID"": 1972}, {""name"": ""Harbor  Entrance"", ""ID"": 3005}, {""name"": ""Little river - Clam Beach"", ""ID"": 4250}, {""name"": ""Camel Rock"", ""ID"": 4368}, {""name"": ""North jetty"", ""ID"": 7450}, {""name"": ""Bunkers"", ""ID"": 7862}, {""name"": ""Cape Mendocino"", ""ID"": 8730}]",
Gold Bluffs Region,US,CA,"[{""point1"": ""41.11722801648944, -124.21922478921641"", ""point2"": ""41.670449816682954, -124.01681183120186""}]","[{""name"": ""Wilson Creek"", ""ID"": 269}, {""name"": ""Dry Lagoon"", ""ID"": 1174}, {""name"": ""Stone Lagoon"", ""ID"": 2724}, {""name"": ""redwood creek"", ""ID"": 3799}, {""name"": ""Gold Bluffs Beach"", ""ID"": 6113}, {""name"": ""Big Lagoon"", ""ID"": 8051}, {""name"": ""Klamath Rivermouth"", ""ID"": 8729}]",
Cresent City Region,US,CA,"[{""point1"": ""41.68347651382075, -124.11823700962437"", ""point2"": ""41.98879191909617, -124.41773877432738""}]","[{""name"": ""Clifford Kamph Memorial Park"", ""ID"": 156}, {""name"": ""Whaler Island"", ""ID"": 1680}, {""name"": ""Crescent City South Beach"", ""ID"": 2414}, {""name"": ""Point Saint George"", ""ID"": 3161}, {""name"": ""Garth's Reef"", ""ID"": 3485}, {""name"": ""Lake Talawa"", ""ID"": 3850}, {""name"": ""Enderts Beach"", ""ID"": 5106}, {""name"": ""Pelican Beach"", ""ID"": 5475}, {""name"": ""Saint George Reef Lighthouse"", ""ID"": 8564}]",
South Oregon,US,CA,"[{""point1"": ""41.99195614497282, -124.19226491533995"", ""point2"": ""43.20117227700009, -124.64250747562939""}]","[{""name"": ""Port Orford"", ""ID"": 218}, {""name"": ""Bandon Beaches"", ""ID"": 396}, {""name"": ""Brookings Sporthaven Beach"", ""ID"": 764}, {""name"": ""Cape Sebastian"", ""ID"": 1853}, {""name"": ""State Line"", ""ID"": 2701}, {""name"": ""Nesika Beach"", ""ID"": 2919}, {""name"": ""Gold Beach South Jetty"", ""ID"": 4236}, {""name"": ""Rainbow Rock"", ""ID"": 5175}, {""name"": ""Frankport"", ""ID"": 9021}]",
North Bend Region,US,CA,"[{""point1"": ""43.254405200862706, -124.5375786650928"", ""point2"": ""44.438486508573774, -123.86048983405641""}]","[{""name"": ""Coos Bay - Bastendorf Beach"", ""ID"": 1192}, {""name"": ""Florence South jetty"", ""ID"": 1423}, {""name"": ""Simpson Reef"", ""ID"": 1529}, {""name"": ""Coos Bay North"", ""ID"": 7164}, {""name"": ""Yachats"", ""ID"": 7400}, {""name"": ""Winchester Bay - South Umpqua Jetty"", ""ID"": 7990}, {""name"": ""Florence North Jetty"", ""ID"": 8594}]",
Newport and Lincoln City,US,CA,"[{""point1"": ""44.499639721009714, -124.19246478890312"", ""point2"": ""45.39844985123635, -123.84915928603914""}]","[{""name"": ""Moolack"", ""ID"": 98}, {""name"": ""Pacific City - Gas Chambers"", ""ID"": 580}, {""name"": ""Otter Rock"", ""ID"": 1098}, {""name"": ""Lincoln City - Gleneden"", ""ID"": 1132}, {""name"": ""Cape Lookout"", ""ID"": 2168}, {""name"": ""Lincoln City"", ""ID"": 3356}, {""name"": ""Lincoln City - Canyons"", ""ID"": 3735}, {""name"": ""Agate Beach North"", ""ID"": 3770}, {""name"": ""Newport The Box"", ""ID"": 3876}, {""name"": ""Devil's Punch - Beverly Beach"", ""ID"": 5125}, {""name"": ""Avalanche"", ""ID"": 5705}, {""name"": ""Agate Beach"", ""ID"": 6296}, {""name"": ""Boiler bay"", ""ID"": 6450}, {""name"": ""Lincolne City - Nelscott Reef"", ""ID"": 6987}, {""name"": ""Newport South Beach"", ""ID"": 9122}, {""name"": ""Lincoln City - Roads End"", ""ID"": 9266}, {""name"": ""Pacific City - Point Break, Cape Kiwanda"", ""ID"": 9376}]",
Seaside,US,OR,"[{""point1"": ""45.68565246150534, -123.86824379458646"", ""point2"": ""46.06713298057747, -124.11405053463707""}]","[{""name"": ""Needles"", ""ID"": 424}, {""name"": ""smugglers cove"", ""ID"": 2259}, {""name"": ""Neakahine point"", ""ID"": 2485}, {""name"": ""Cannon beach"", ""ID"": 2705}, {""name"": ""Seaside Cove"", ""ID"": 5162}, {""name"": ""Arcadia"", ""ID"": 5252}, {""name"": ""Seaside Point"", ""ID"": 5704}, {""name"": ""Short Sands"", ""ID"": 8789}, {""name"": ""Indian Head"", ""ID"": 9435}]",
Westport Region,US,OR,"[{""point1"": ""46.1524385094381, -123.86402561895764"", ""point2"": ""47.56911374452897, -124.53824483731607""}]","[{""name"": ""Ocean Shores"", ""ID"": 243}, {""name"": ""Damon Point"", ""ID"": 719}, {""name"": ""long beach"", ""ID"": 1568}, {""name"": ""The Groins"", ""ID"": 2339}, {""name"": ""Ocean Park"", ""ID"": 3456}, {""name"": ""Fort Canby- \""A\"" jetty"", ""ID"": 4948}, {""name"": ""Cape Elizabeth"", ""ID"": 4987}, {""name"": ""Half Moon Bay"", ""ID"": 6831}, {""name"": ""Point Grenville"", ""ID"": 7533}, {""name"": ""Westport"", ""ID"": 8040}, {""name"": ""The Cape"", ""ID"": 8373}]",
Olympic Coast,US,OR,"[{""point1"": ""47.82126957575633, -122.46412977479824"", ""point2"": ""48.68443293102328, -124.9688867236938""}]","[{""name"": ""Hoko river  Kydaka"", ""ID"": 56}, {""name"": ""Neah Bay - Hobuck"", ""ID"": 285}, {""name"": ""Neah Bay -3rd Beach"", ""ID"": 606}, {""name"": ""The Dump"", ""ID"": 611}, {""name"": ""Sand Point"", ""ID"": 711}, {""name"": ""Twins"", ""ID"": 897}, {""name"": ""Elwha"", ""ID"": 1000}, {""name"": ""Deep Creek"", ""ID"": 1049}, {""name"": ""China Beach"", ""ID"": 1060}, {""name"": ""Sombrio Beach"", ""ID"": 2526}, {""name"": ""Super Green"", ""ID"": 2964}, {""name"": ""lyre  river"", ""ID"": 3036}, {""name"": ""Port Renfrew"", ""ID"": 4220}, {""name"": ""La Push"", ""ID"": 4349}, {""name"": ""Witty's Lagoon"", ""ID"": 4708}, {""name"": ""Whiskey Creek"", ""ID"": 5537}, {""name"": ""Jordan river"", ""ID"": 5632}, {""name"": ""Midgets"", ""ID"": 5841}, {""name"": ""Pillar Point"", ""ID"": 6520}, {""name"": ""Crescent"", ""ID"": 6553}, {""name"": ""Fort. Ebey"", ""ID"": 8069}]",
